#{"t_start": 1780448397.6983204, "env_id": "CarRacing-v3"}
r,l,t
-58.333333,1000,43.86884
-49.640288,1000,59.761849
-47.183099,1000,71.473888
-51.724138,1000,82.686899
-58.333333,1000,94.338214
-64.157706,1000,105.477941
-55.555556,1000,116.327735
-58.333333,1000,127.760282
-67.320261,1000,139.990079
-65.635739,1000,151.864987
-64.912281,1000,163.757962
-65.635739,1000,175.496218
-63.087248,1000,186.96872
-61.832061,1000,198.262394
-69.69697,1000,210.521328
-59.349593,1000,221.647181
-70.414201,1000,233.567377
-59.70696,1000,245.210515
-63.333333,1000,256.786427
-54.268293,1000,268.477189
-68.553459,1000,280.093946
-68.75,1000,291.713052
-70.198675,1000,303.073267
-70.394737,1000,314.367067
-80.113636,1000,326.342321
-70.149254,1000,337.808231
-71.119134,1000,349.245607
-75.903614,1000,360.87431
-68.944099,1000,372.807637
-63.235294,1000,383.705208
-70.0,1000,394.36122
-70.779221,1000,405.537934
-72.644377,1000,417.115553
-67.272727,1000,428.277154
-66.442953,1000,439.418617
-73.372781,1000,451.328603
-65.648855,1000,462.523644
-67.42671,1000,473.656967
-63.210702,1000,484.724193
-66.887417,1000,495.883871
-63.414634,1000,506.287752
-58.646617,1000,516.85184
-65.870307,1000,527.16427
-67.272727,1000,538.027344
-59.59596,1000,549.475329
-51.219512,1000,560.701227
-60.0,1000,571.327622
-68.75,1000,582.369646
-59.558824,1000,593.362866
-62.406015,1000,604.302179
-61.24031,1000,615.509335
-74.025974,1000,627.205288
-72.222222,1000,638.609344
-73.063973,1000,649.728974
-70.695971,1000,660.67907
-66.216216,1000,672.080592
-64.912281,1000,683.517035
-53.405018,1000,695.015705
-44.664032,1000,706.775886
-56.666667,1000,718.442638
-67.153285,1000,729.586219
-74.92163,1000,740.874443
-64.912281,1000,751.634612
-74.729242,1000,762.485976
-49.152542,1000,773.401189
-73.154362,1000,784.48677
-72.413793,1000,795.162084
-77.777778,1000,805.846171
-67.741935,1000,816.47077
-68.641115,1000,827.273061
-73.770492,1000,838.262841
-75.15528,1000,849.340835
-65.648855,1000,859.770282
-66.41791,1000,870.224472
-67.741935,1000,881.218513
-68.75,1000,892.431596
-69.230769,1000,903.477221
-51.890034,1000,914.102144
-42.084942,1000,925.198376
-33.554817,1000,936.829949
-41.176471,1000,948.162714
-33.098592,1000,959.460778
-35.483871,1000,970.487507
-40.594059,1000,982.094823
-24.81203,1000,993.7923
-34.210526,1000,1003.963964
-77.272727,1000,1014.920055
-68.085106,1000,1026.205617
-69.072165,1000,1037.289577
-55.631399,1000,1048.52735
-63.934426,1000,1059.861698
-31.464174,1000,1071.120211
-60.0,1000,1081.635473
-73.856209,1000,1093.0319
-35.018051,1000,1103.87575
-51.768489,1000,1115.019392
-63.210702,1000,1126.124933
-60.714286,1000,1136.990981
-62.837838,1000,1147.75471
-58.762887,1000,1158.666159
-65.870307,1000,1169.551925
-55.882353,1000,1180.370518
-68.75,1000,1191.939816
-64.566929,1000,1202.692728
-70.238095,1000,1215.865051
-58.456973,1000,1229.128791
-38.983051,1000,1241.526348
-64.285714,1000,1253.113214
-39.929329,1000,1264.584216
-55.390335,1000,1275.7559
4.247104,1000,1287.155618
-51.492537,1000,1298.841327
-39.058172,1000,1310.921556
-29.530201,1000,1322.097473
-21.768707,1000,1333.059638
-30.40293,1000,1344.324596
-24.460432,1000,1355.275516
-20.138889,1000,1366.4292
-20.962199,1000,1377.400418
-15.540541,1000,1388.584584
-31.271478,1000,1399.783418
-18.566775,1000,1410.961
6.164384,1000,1421.877824
-29.765886,1000,1432.604879
-31.818182,1000,1443.903328
4.868914,1000,1455.078807
-25.650558,1000,1466.093115
-21.348315,1000,1476.149828
-31.25,1000,1487.619226
-10.958904,1000,1498.513112
5.633803,1000,1509.651921
36.0,1000,1520.59003
22.222222,1000,1531.794521
-25.795053,1000,1542.885984
-18.032787,1000,1554.037124
-15.492958,1000,1565.121189
-34.328358,1000,1576.699252
29.770992,1000,1588.128203
33.079848,1000,1599.509655
-27.444795,1000,1610.802867
-15.789474,1000,1621.848252
-28.571429,1000,1632.979518
-24.914676,1000,1644.118319
40.28777,1000,1655.535009
-22.535211,1000,1666.412504
-17.322835,1000,1677.152757
-25.675676,1000,1688.427273
-26.315789,1000,1699.390016
-17.293233,1000,1710.442196
-27.745665,1000,1722.077922
49.090909,1000,1732.943348
-18.439716,1000,1744.007609
-18.088737,1000,1755.504659
-14.893617,1000,1766.714006
61.417323,1000,1777.625472
-31.952663,1000,1789.133936
-25.925926,1000,1800.486562
-41.176471,1000,1812.196716
-8.0,1000,1823.139906
78.947368,1000,1834.813281
-10.0,1000,1846.448117
-26.751592,1000,1858.26217
59.322034,1000,1869.564039
-36.241611,1000,1881.697221
-11.262799,1000,1893.326577
-43.143813,1000,1904.793094
-23.84106,1000,1915.825377
-11.392405,1000,1927.580015
-40.972222,1000,1939.712803
-12.087912,1000,1951.023321
58.301158,1000,1961.513989
-24.398625,1000,1972.98321
-10.652921,1000,1984.179346
-23.076923,1000,1995.246757
-11.971831,1000,2006.455973
-14.965986,1000,2018.219943
75.510204,1000,2028.740568
-2.439024,1000,2040.422064
-8.77193,1000,2051.6641
77.935943,1000,2062.277773
-2.173913,1000,2073.303301
-29.328622,1000,2084.21363
495.744681,1000,2095.039402
71.875,1000,2105.800936
430.769231,1000,2116.602009
127.272727,1000,2127.216808
276.30662,1000,2137.998365
62.420382,1000,2148.92359
51.515152,1000,2159.656896
155.882353,1000,2171.035981
-17.525773,1000,2182.068078
46.428571,1000,2193.376297
155.131965,1000,2205.589712
252.583587,1000,2217.483872
24.600639,1000,2228.859527
128.782288,1000,2239.789721
325.465839,1000,2251.422238
326.751592,1000,2262.488639
82.156134,1000,2273.268062
72.794118,1000,2283.933132
126.11465,1000,2295.158354
-20.245399,1000,2306.722277
81.506849,1000,2317.49204
98.717949,1000,2328.5571
63.043478,1000,2339.083525
-2.985075,1000,2350.000135
128.013029,1000,2361.093688
-32.907348,1000,2372.450782
-12.587413,1000,2383.566144
-22.558923,1000,2394.636424
74.377224,1000,2405.806115
-12.0,1000,2417.39201
-11.864407,1000,2429.121581
-13.333333,1000,2439.504511
-32.692308,1000,2451.342728
4.026846,1000,2463.194642
-36.666667,1000,2473.822851
13.793103,1000,2485.823614
-26.517572,1000,2497.343037
10.0,1000,2508.368385
-14.728682,1000,2519.425378
-16.083916,1000,2530.753517
132.727273,1000,2541.770167
-8.81459,1000,2552.808203
22.516556,1000,2563.712774
-16.38796,1000,2574.849818
-21.501706,1000,2585.805645
90.140845,1000,2596.760952
-2.255639,1000,2608.030316
-32.862191,1000,2619.134309
-10.394265,1000,2630.751402
-18.644068,1000,2642.140305
2.661597,1000,2653.480125
-11.764706,1000,2665.341706
76.870748,1000,2676.755997
0.371747,1000,2688.39939
42.394822,1000,2700.159019
22.44898,1000,2711.126814
64.473684,1000,2722.440422
93.650794,1000,2734.146529
203.333333,1000,2745.592764
125.165563,1000,2756.603098
248.148148,1000,2767.166861
224.232082,1000,2778.111628
495.238095,1000,2789.130103
94.029851,1000,2800.031436
363.022508,1000,2811.285548
435.971223,1000,2822.221332
251.449275,1000,2832.862437
623.776224,1000,2843.697065
27.60566,574,2849.241699
408.960573,1000,2859.997082
84.848485,1000,2870.892909
197.385621,1000,2881.649721
168.382353,1000,2892.49685
92.771084,1000,2902.875447
469.131833,1000,2913.826763
505.166052,1000,2925.215045
246.875,1000,2936.708056
-12.280702,1000,2948.054306
697.87234,1000,2958.873774
443.554007,1000,2969.635639
156.704981,1000,2980.005358
252.941176,1000,2991.386729
635.915493,1000,3002.539201
-64.157706,1000,3013.389492
222.368421,1000,3025.350893
39.194139,1000,3037.420679
207.210031,1000,3049.267235
303.333333,1000,3060.299159
429.010239,1000,3071.648312
581.818182,1000,3083.179627
244.827586,1000,3093.95242
73.633441,1000,3105.490933
13.496933,1000,3117.773549
18.811881,1000,3129.589163
324.561404,1000,3141.296215
44.444444,1000,3152.841926
247.51773,1000,3164.892307
207.142857,1000,3177.040244
133.009709,1000,3187.375433
208.411215,1000,3199.323796
134.875445,1000,3211.275828
50.326797,1000,3223.09194
119.42446,1000,3234.079368
115.827338,1000,3245.428921
57.534247,1000,3256.744565
78.694158,1000,3267.650061
116.027875,1000,3278.552799
147.311828,1000,3289.513216
405.084746,1000,3300.244601
217.073171,1000,3311.845069
340.514469,1000,3323.672262
102.531646,1000,3335.271224
206.930693,1000,3347.053906
100.0,1000,3358.575892
249.823322,1000,3370.02932
-33.774834,1000,3381.937339
159.036145,1000,3393.325324
-42.307692,1000,3404.368934
